title,company,link
Senior AI Engineer,Catalant,https://remoteok.com/remote-jobs/remote-senior-ai-engineer-catalant-1093849
Senior Full Stack Engineer,Snowplow Analytics,https://remoteok.com/remote-jobs/remote-senior-full-stack-engineer-snowplow-analytics-1093846
Junior Network Engineer,Kyivstar,https://remoteok.com/remote-jobs/remote-junior-network-engineer-kyivstar-1093845
Principal Engineer,Find,https://remoteok.com/remote-jobs/remote-principal-engineer-find-1093844
Senior Elixir Engineer,Sanctuary Computer,https://remoteok.com/remote-jobs/remote-senior-elixir-engineer-sanctuary-computer-1093807
Senior Python Backend Engineer,Orga AI,https://remoteok.com/remote-jobs/remote-senior-python-backend-engineer-orga-ai-1093458
Associate Data Engineer,Sayari,https://remoteok.com/remote-jobs/remote-associate-data-engineer-sayari-1093725
Senior AI Python Developer,Koombea,https://remoteok.com/remote-jobs/remote-senior-ai-python-developer-koombea-1093660
Lead Software Engineer II Backend,Best Egg,https://remoteok.com/remote-jobs/remote-lead-software-engineer-ii-backend-best-egg-1093524
Data Engineer II,TrueML,https://remoteok.com/remote-jobs/remote-data-engineer-ii-trueml-1093479
Senior Scientific Software Engineer Magnet Protection Systems,Commonwealth Fusion Systems,https://remoteok.com/remote-jobs/remote-senior-scientific-software-engineer-magnet-protection-systems-commonwealth-fusion-systems-1093472
Senior Site Reliability Engineer ML Platforms,2100 NVIDIA USA,https://remoteok.com/remote-jobs/remote-senior-site-reliability-engineer-ml-platforms-2100-nvidia-usa-1093465
Site Reliability Engineer,Tinybird,https://remoteok.com/remote-jobs/remote-site-reliability-engineer-tinybird-1093416
Senior Systems Engineer Autonomous Vehicle Infrastructure,2100 NVIDIA USA,https://remoteok.com/remote-jobs/remote-senior-systems-engineer-autonomous-vehicle-infrastructure-2100-nvidia-usa-1093327
Data Analyst Canada Wide,Newton,https://remoteok.com/remote-jobs/remote-data-analyst-canada-wide-newton-1093292
Data Analyst,Foodsmart,https://remoteok.com/remote-jobs/remote-data-analyst-foodsmart-1093207
Testing Engineer,Trial Library,https://remoteok.com/remote-jobs/remote-testing-engineer-trial-library-1093169
Werkstudent im Bereich SAP & Cloud Automation,Public Cloud Group,https://remoteok.com/remote-jobs/remote-werkstudent-im-bereich-sap-amp-cloud-automation-public-cloud-group-1093160
Senior Data Analytics Engineer,Fullscript,https://remoteok.com/remote-jobs/remote-senior-data-analytics-engineer-fullscript-1093152
Senior Software Engineer,Nava,https://remoteok.com/remote-jobs/remote-senior-software-engineer-nava-1093123
